﻿<?xml version="1.0"?>
<doc>
<assembly>
<name>
SGEUpdate
</name>
</assembly>
<members>
<member name="P:SGEUpdate.ClassParamEntrada.lIDDados">
	<remarks/>
</member><member name="P:SGEUpdate.ClassParamEntrada.lIDDic">
	<remarks/>
</member><member name="T:SGEUpdate.ClassParamEntrada">
	<remarks/>
</member><member name="P:SGEUpdate.ClassParamSaida.sScriptDados">
	<remarks/>
</member><member name="P:SGEUpdate.ClassParamSaida.lNumCaracteresDados">
	<remarks/>
</member><member name="P:SGEUpdate.ClassParamSaida.sScriptDic">
	<remarks/>
</member><member name="P:SGEUpdate.ClassParamSaida.lNumCaracteresDic">
	<remarks/>
</member><member name="P:SGEUpdate.ClassParamSaida.lIDContDados">
	<remarks/>
</member><member name="P:SGEUpdate.ClassParamSaida.lIDContDic">
	<remarks/>
</member><member name="P:SGEUpdate.ClassParamSaida.lUltimoIDDados">
	<remarks/>
</member><member name="P:SGEUpdate.ClassParamSaida.lUltimoIDDic">
	<remarks/>
</member><member name="P:SGEUpdate.ClassParamSaida.sErro">
	<remarks/>
</member><member name="T:SGEUpdate.ClassParamSaida">
	<remarks/>
</member><member name="T:SGEUpdate.DSGenerica.DSGenerica1DataTable">
	<summary>
Represents the strongly named DataTable class.
</summary>
</member><member name="T:SGEUpdate.DSGenerica.DSGenerica1Row">
	<summary>
Represents strongly named DataRow class.
</summary>
</member><member name="T:SGEUpdate.DSGenerica.DSGenerica1RowChangeEvent">
	<summary>
Row event argument class
</summary>
</member><member name="T:SGEUpdate.DSGenerica">
	<summary>
Represents a strongly typed in-memory cache of data.
</summary>
</member><member name="M:SGEUpdate.WS4.Atualizacao.#ctor">
	<remarks/>
</member><member name="E:SGEUpdate.WS4.Atualizacao.Consulta_ClienteCompleted">
	<remarks/>
</member><member name="E:SGEUpdate.WS4.Atualizacao.Retorna_ScriptsCompleted">
	<remarks/>
</member><member name="E:SGEUpdate.WS4.Atualizacao.Consulta_ConfigCompleted">
	<remarks/>
</member><member name="E:SGEUpdate.WS4.Atualizacao.Consulta_Cliente1Completed">
	<remarks/>
</member><member name="E:SGEUpdate.WS4.Atualizacao.Aplica_ScriptCompleted">
	<remarks/>
</member><member name="E:SGEUpdate.WS4.Atualizacao.Retorna_Scripts_LojaCompleted">
	<remarks/>
</member><member name="E:SGEUpdate.WS4.Atualizacao.Consulta_EmpresaCompleted">
	<remarks/>
</member><member name="E:SGEUpdate.WS4.Atualizacao.Consulta_ECFCompleted">
	<remarks/>
</member><member name="E:SGEUpdate.WS4.Atualizacao.Consulta_GenericaCompleted">
	<remarks/>
</member><member name="M:SGEUpdate.WS4.Atualizacao.Consulta_Cliente(System.Int64,System.Boolean@,System.Int64@,System.String@,System.String@,System.Int64@,System.String@)">
	<remarks/>
</member><member name="M:SGEUpdate.WS4.Atualizacao.Consulta_ClienteAsync(System.Int64,System.Boolean,System.Int64,System.String,System.String,System.Int64,System.String)">
	<remarks/>
</member><member name="M:SGEUpdate.WS4.Atualizacao.Consulta_ClienteAsync(System.Int64,System.Boolean,System.Int64,System.String,System.String,System.Int64,System.String,System.Object)">
	<remarks/>
</member><member name="M:SGEUpdate.WS4.Atualizacao.Retorna_Scripts(System.String,System.String@,System.String@)">
	<remarks/>
</member><member name="M:SGEUpdate.WS4.Atualizacao.Retorna_ScriptsAsync(System.String,System.String,System.String)">
	<remarks/>
</member><member name="M:SGEUpdate.WS4.Atualizacao.Retorna_ScriptsAsync(System.String,System.String,System.String,System.Object)">
	<remarks/>
</member><member name="M:SGEUpdate.WS4.Atualizacao.Consulta_Config(System.String,System.String@,System.String@)">
	<remarks/>
</member><member name="M:SGEUpdate.WS4.Atualizacao.Consulta_ConfigAsync(System.String,System.String,System.String)">
	<remarks/>
</member><member name="M:SGEUpdate.WS4.Atualizacao.Consulta_ConfigAsync(System.String,System.String,System.String,System.Object)">
	<remarks/>
</member><member name="M:SGEUpdate.WS4.Atualizacao.Consulta_Cliente1(System.Int64,System.Boolean@,System.Boolean@,System.Boolean@,System.String@)">
	<remarks/>
</member><member name="M:SGEUpdate.WS4.Atualizacao.Consulta_Cliente1Async(System.Int64,System.Boolean,System.Boolean,System.Boolean,System.String)">
	<remarks/>
</member><member name="M:SGEUpdate.WS4.Atualizacao.Consulta_Cliente1Async(System.Int64,System.Boolean,System.Boolean,System.Boolean,System.String,System.Object)">
	<remarks/>
</member><member name="M:SGEUpdate.WS4.Atualizacao.Aplica_Script(System.String,System.String,System.String,System.String@)">
	<remarks/>
</member><member name="M:SGEUpdate.WS4.Atualizacao.Aplica_ScriptAsync(System.String,System.String,System.String,System.String)">
	<remarks/>
</member><member name="M:SGEUpdate.WS4.Atualizacao.Aplica_ScriptAsync(System.String,System.String,System.String,System.String,System.Object)">
	<remarks/>
</member><member name="M:SGEUpdate.WS4.Atualizacao.Retorna_Scripts_Loja(System.String,System.String@,System.String@)">
	<remarks/>
</member><member name="M:SGEUpdate.WS4.Atualizacao.Retorna_Scripts_LojaAsync(System.String,System.String,System.String)">
	<remarks/>
</member><member name="M:SGEUpdate.WS4.Atualizacao.Retorna_Scripts_LojaAsync(System.String,System.String,System.String,System.Object)">
	<remarks/>
</member><member name="M:SGEUpdate.WS4.Atualizacao.Consulta_Empresa(System.Int64,System.String@,System.String@)">
	<remarks/>
</member><member name="M:SGEUpdate.WS4.Atualizacao.Consulta_EmpresaAsync(System.Int64,System.String,System.String)">
	<remarks/>
</member><member name="M:SGEUpdate.WS4.Atualizacao.Consulta_EmpresaAsync(System.Int64,System.String,System.String,System.Object)">
	<remarks/>
</member><member name="M:SGEUpdate.WS4.Atualizacao.Consulta_ECF(System.Int64,System.Int64,System.Int32,System.String@,System.String@)">
	<remarks/>
</member><member name="M:SGEUpdate.WS4.Atualizacao.Consulta_ECFAsync(System.Int64,System.Int64,System.Int32,System.String,System.String)">
	<remarks/>
</member><member name="M:SGEUpdate.WS4.Atualizacao.Consulta_ECFAsync(System.Int64,System.Int64,System.Int32,System.String,System.String,System.Object)">
	<remarks/>
</member><member name="M:SGEUpdate.WS4.Atualizacao.Consulta_Generica(System.String,System.String@,System.String@)">
	<remarks/>
</member><member name="M:SGEUpdate.WS4.Atualizacao.Consulta_GenericaAsync(System.String,System.String,System.String)">
	<remarks/>
</member><member name="M:SGEUpdate.WS4.Atualizacao.Consulta_GenericaAsync(System.String,System.String,System.String,System.Object)">
	<remarks/>
</member><member name="M:SGEUpdate.WS4.Atualizacao.CancelAsync(System.Object)">
	<remarks/>
</member><member name="T:SGEUpdate.WS4.Atualizacao">
	<remarks/>
</member><member name="T:SGEUpdate.WS4.Consulta_ClienteCompletedEventHandler">
	<remarks/>
</member><member name="P:SGEUpdate.WS4.Consulta_ClienteCompletedEventArgs.Result">
	<remarks/>
</member><member name="P:SGEUpdate.WS4.Consulta_ClienteCompletedEventArgs.bComPermissao">
	<remarks/>
</member><member name="P:SGEUpdate.WS4.Consulta_ClienteCompletedEventArgs.lIdPgm">
	<remarks/>
</member><member name="P:SGEUpdate.WS4.Consulta_ClienteCompletedEventArgs.sDirPgm">
	<remarks/>
</member><member name="P:SGEUpdate.WS4.Consulta_ClienteCompletedEventArgs.sDirPgmCust">
	<remarks/>
</member><member name="P:SGEUpdate.WS4.Consulta_ClienteCompletedEventArgs.lIDBD">
	<remarks/>
</member><member name="P:SGEUpdate.WS4.Consulta_ClienteCompletedEventArgs.sErro">
	<remarks/>
</member><member name="T:SGEUpdate.WS4.Consulta_ClienteCompletedEventArgs">
	<remarks/>
</member><member name="T:SGEUpdate.WS4.Retorna_ScriptsCompletedEventHandler">
	<remarks/>
</member><member name="P:SGEUpdate.WS4.Retorna_ScriptsCompletedEventArgs.Result">
	<remarks/>
</member><member name="P:SGEUpdate.WS4.Retorna_ScriptsCompletedEventArgs.sSaida">
	<remarks/>
</member><member name="P:SGEUpdate.WS4.Retorna_ScriptsCompletedEventArgs.sErro">
	<remarks/>
</member><member name="T:SGEUpdate.WS4.Retorna_ScriptsCompletedEventArgs">
	<remarks/>
</member><member name="T:SGEUpdate.WS4.Consulta_ConfigCompletedEventHandler">
	<remarks/>
</member><member name="P:SGEUpdate.WS4.Consulta_ConfigCompletedEventArgs.Result">
	<remarks/>
</member><member name="P:SGEUpdate.WS4.Consulta_ConfigCompletedEventArgs.sRetorno">
	<remarks/>
</member><member name="P:SGEUpdate.WS4.Consulta_ConfigCompletedEventArgs.sErro">
	<remarks/>
</member><member name="T:SGEUpdate.WS4.Consulta_ConfigCompletedEventArgs">
	<remarks/>
</member><member name="T:SGEUpdate.WS4.Consulta_Cliente1CompletedEventHandler">
	<remarks/>
</member><member name="P:SGEUpdate.WS4.Consulta_Cliente1CompletedEventArgs.Result">
	<remarks/>
</member><member name="P:SGEUpdate.WS4.Consulta_Cliente1CompletedEventArgs.bPermissaoSuporte">
	<remarks/>
</member><member name="P:SGEUpdate.WS4.Consulta_Cliente1CompletedEventArgs.bAvisaSobreAtualizacoes">
	<remarks/>
</member><member name="P:SGEUpdate.WS4.Consulta_Cliente1CompletedEventArgs.bNaoAtualiza">
	<remarks/>
</member><member name="P:SGEUpdate.WS4.Consulta_Cliente1CompletedEventArgs.sErro">
	<remarks/>
</member><member name="T:SGEUpdate.WS4.Consulta_Cliente1CompletedEventArgs">
	<remarks/>
</member><member name="T:SGEUpdate.WS4.Aplica_ScriptCompletedEventHandler">
	<remarks/>
</member><member name="P:SGEUpdate.WS4.Aplica_ScriptCompletedEventArgs.Result">
	<remarks/>
</member><member name="P:SGEUpdate.WS4.Aplica_ScriptCompletedEventArgs.sErro">
	<remarks/>
</member><member name="T:SGEUpdate.WS4.Aplica_ScriptCompletedEventArgs">
	<remarks/>
</member><member name="T:SGEUpdate.WS4.Retorna_Scripts_LojaCompletedEventHandler">
	<remarks/>
</member><member name="P:SGEUpdate.WS4.Retorna_Scripts_LojaCompletedEventArgs.Result">
	<remarks/>
</member><member name="P:SGEUpdate.WS4.Retorna_Scripts_LojaCompletedEventArgs.sSaida">
	<remarks/>
</member><member name="P:SGEUpdate.WS4.Retorna_Scripts_LojaCompletedEventArgs.sErro">
	<remarks/>
</member><member name="T:SGEUpdate.WS4.Retorna_Scripts_LojaCompletedEventArgs">
	<remarks/>
</member><member name="T:SGEUpdate.WS4.Consulta_EmpresaCompletedEventHandler">
	<remarks/>
</member><member name="P:SGEUpdate.WS4.Consulta_EmpresaCompletedEventArgs.Result">
	<remarks/>
</member><member name="P:SGEUpdate.WS4.Consulta_EmpresaCompletedEventArgs.sSaida">
	<remarks/>
</member><member name="P:SGEUpdate.WS4.Consulta_EmpresaCompletedEventArgs.sErro">
	<remarks/>
</member><member name="T:SGEUpdate.WS4.Consulta_EmpresaCompletedEventArgs">
	<remarks/>
</member><member name="T:SGEUpdate.WS4.Consulta_ECFCompletedEventHandler">
	<remarks/>
</member><member name="P:SGEUpdate.WS4.Consulta_ECFCompletedEventArgs.Result">
	<remarks/>
</member><member name="P:SGEUpdate.WS4.Consulta_ECFCompletedEventArgs.sSaida">
	<remarks/>
</member><member name="P:SGEUpdate.WS4.Consulta_ECFCompletedEventArgs.sErro">
	<remarks/>
</member><member name="T:SGEUpdate.WS4.Consulta_ECFCompletedEventArgs">
	<remarks/>
</member><member name="T:SGEUpdate.WS4.Consulta_GenericaCompletedEventHandler">
	<remarks/>
</member><member name="P:SGEUpdate.WS4.Consulta_GenericaCompletedEventArgs.Result">
	<remarks/>
</member><member name="P:SGEUpdate.WS4.Consulta_GenericaCompletedEventArgs.sSaida">
	<remarks/>
</member><member name="P:SGEUpdate.WS4.Consulta_GenericaCompletedEventArgs.sErro">
	<remarks/>
</member><member name="T:SGEUpdate.WS4.Consulta_GenericaCompletedEventArgs">
	<remarks/>
</member><member name="P:SGEUpdate.My.Resources.Resources.ResourceManager">
	<summary>
  Returns the cached ResourceManager instance used by this class.
</summary>
</member><member name="P:SGEUpdate.My.Resources.Resources.Culture">
	<summary>
  Overrides the current thread's CurrentUICulture property for all
  resource lookups using this strongly typed resource class.
</summary>
</member><member name="T:SGEUpdate.My.Resources.Resources">
	<summary>
  A strongly-typed resource class, for looking up localized strings, etc.
</summary>
</member>
</members>
</doc>